LightNovel,71207NG009,No Game No life Vol.9,159,13,12
LightNovel,71207NG008,No Game No life Vol.8,159,13,2
LightNovel,71207NG007,No Game No life Vol.7,159,13,1
LightNovel,71207NG006,No Game No life Vol.6,159,13,1
LightNovel,71207CE009,Classroom of the Elite Vol.9,159,13,4
LightNovel,71207NG005,No Game No life Vol.5,159,13,2
LightNovel,71207CE008,Classroom of the Elite Vol.8,159,13,4
LightNovel,71207NG004,No Game No life Vol.4,159,13,1
LightNovel,71207CE007,Classroom of the Elite Vol.7,159,13,4
LightNovel,71207NG003,No Game No life Vol.3,159,13,2
LightNovel,71207CE006,Classroom of the Elite Vol.6,159,13,4
LightNovel,71207NG002,No Game No life Vol.2,159,13,2
LightNovel,71207CE005,Classroom of the Elite Vol.5,159,13,4
LightNovel,71207NG001,No Game No life Vol.1,159,13,3
LightNovel,71207CE004,Classroom of the Elite Vol.4,159,13,4
LightNovel,71207CE003,Classroom of the Elite Vol.3,149,13,4
LightNovel,71207CE002,Classroom of the Elite Vol.2,149,13,4
LightNovel,71207CE001,Classroom of the Elite Vol.1,149,13,4
Manga,34294OP015,One Piece Vol.15,45,7,6
Manga,34294OP014,One Piece Vol.14,40,7,2
Manga,34294OP013,One Piece Vol.13,40,7,3
Manga,34294OP012,One Piece Vol.12,40,7,3
Manga,34294OP011,One Piece Vol.11,40,7,3
Manga,34294OP010,One Piece Vol.10,35,7,4
Comic,40314SU003,SuperMan Vol.3,129,2
Comic,40314SU002,SuperMan Vol.2,129,2
Comic,40314SU001,SuperMan Vol.1,129,3
Manga,34294OP009,One Piece Vol.9,35,7,2
Manga,34294OP008,One Piece Vol.8,35,7,3
Manga,34294OP007,One Piece Vol.7,35,7,3
Manga,34294OP006,One Piece Vol.6,35,7,3
Manga,34294OP005,One Piece Vol.5,35,7,3
Manga,34294OP004,One Piece Vol.4,35,7,3
Manga,34294OP003,One Piece Vol.3,35,7,5
Manga,34294OP002,One Piece Vol.2,35,7,5
Manga,34294OP001,One Piece Vol.1,35,7,8
Manga,34294CN012,Detective Conan Vol.12,35,13,6
Manga,34294CN011,Detective Conan Vol.11,35,13,3
Manga,34294CN010,Detective Conan Vol.10,35,13,2
Novel,20731GR005,Garin Vol.5,215,15,3
Novel,20731GR004,Garin Vol.4,215,15,2
Novel,20731GR003,Garin Vol.3,215,15,2
Novel,20731GR002,Garin Vol.2,215,15,3
Novel,20731GR001,Garin Vol.1,215,15,3
Manga,34294HH001,HunterXHunter Vol.01,80,7,15
Manga,34294CN009,Detective Conan Vol.9,35,13,2
Manga,34294CN008,Detective Conan Vol.8,35,13,2
Manga,34294CN007,Detective Conan Vol.7,35,13,3
Manga,34294CN006,Detective Conan Vol.6,35,13,3
Manga,34294CN005,Detective Conan Vol.5,35,13,4
Manga,34294CN004,Detective Conan Vol.4,35,13,4
Tale,74135RJ001,Romeo and Juliet,149,English,3
Manga,34294CN003,Detective Conan Vol.3,35,13,7
Manga,34294CN002,Detective Conan Vol.2,35,13,7
Manga,34294CN001,Detective Conan Vol.1,35,13,9
Novel,20731PM007,Pam Vol.7,229,15,2
Novel,20731PM006,Pam Vol.6,229,15,2
Novel,20731PM005,Pam Vol.5,229,15,2
Novel,20731PM004,Pam Vol.4,229,15,1
Novel,20731PM003,Pam Vol.3,229,15,2
Novel,20731PM002,Pam Vol.2,229,15,2
Novel,20731PM001,Pam Vol.1,229,15,4
Manga,34294BS010,Berserk Vol.10,155,18,5
Tale,74135LP001,The Three Little Pigs,149,Thai,2
Manga,34294BS009,Berserk Vol.9,155,18,4
Manga,34294BS008,Berserk Vol.8,155,18,2
Manga,34294BS007,Berserk Vol.7,155,18,3
Manga,34294BS006,Berserk Vol.6,155,18,2
Manga,34294BS005,Berserk Vol.5,155,18,2
Manga,34294BS004,Berserk Vol.4,155,18,2
Manga,34294BS003,Berserk Vol.3,155,18,3
Manga,34294BS002,Berserk Vol.2,155,18,4
Manga,34294BS001,Berserk Vol.1,155,18,6
LightNovel,71207CE011,Classroom of the Elite Vol.11,179,13,4
LightNovel,71207CE010,Classroom of the Elite Vol.10,179,13,4
Comic,40314SM004,Spider Man Vol.4,129,5
Comic,40314SM003,Spider Man Vol.3,129,2
Comic,40314SM002,Spider Man Vol.2,129,5
Comic,40314SM001,Spider Man Vol.1,129,5
